Review Id,User Name,Review,Rating,Date of Review,reviewCreatedVersion
6a8e22f2-c728-4738-aa4f-62ec044c6e90,skalmelid,F√•r meddelanden fr√•n hela Sverige trots att jag har valt bara √ñsterg√∂tland. Hur sv√•rt kan det vara att fixa detta?,1,2021-06-18 15:25:13,2.6.0
b6fc4ca3-7f2f-4e15-8270-027dac13bf2d,Aleks,Fungerar ibland och ibland inte. N√§r det dyker upp en notis om tex brand i omr√•det s√• h√§nder det inget n√§r en trycker p√• den och f√∂rs√∂ker √∂ppna..den h√§nder inget alls l√§ngre. Vore bra med √•tminstone m√∂jligheten att se historiken om det inte g√•r att fixa pushnotiserna.,3,2021-05-14 00:58:57,2.6.0
851cdff9-3a98-42b7-b1f0-1cb7128f4219,Rodrigo Flores,Is it too much to ask for an English version? Thanks.,1,2020-12-07 14:20:34,2.6.0
c1a2dd5c-7d2e-443d-b3db-89a400f34f3c,Peter Liljenroth,"The app does not provide reliable notifications. Today I should have got notifications for my region, everything looks rightly configured, but nothing.",1,2020-12-03 18:52:15,2.6.0
ab15fcfd-8196-4d93-8cc3-751521446f3d,Andy Bones,Notifikationer fungerar inte.,1,2020-11-06 09:32:36,2.6.0
ec1906f5-5493-44b2-b246-05bb081f79fd,CleanDeskPolicy,"Hej, allts√• inneh√•llet i appen √§r mycket viktigt och finner d√§rf√∂r aviseringsproblemen s√§rskilt tr√∂ttsamma. Jag har valt V√§stra G√∂talandsl√§n och f√•r aviseringar f√∂r alla l√§n utom den! H√∂rde om sk√§rpta r√•d via jobbet, och inte appen. Inte ok. Allt gott!",2,2020-10-29 18:56:20,2.6.0
3d827543-2745-4396-a5e4-4fca82f7bfd9,Ulf Persson,"You get the feeling that they widens the definition of crisis to have something to report. It mainly local little incidents a traffic accident, a bit of some from a small fire... Noise",2,2020-07-26 12:21:59,2.6.0
7cf6601d-1ed3-4e8b-b96c-c8fc90750652,A Google user,It remember areas now. The app generally works well.,5,2020-03-07 14:02:17,2.6.0
2148477b-cbb4-4c7a-aa5c-f474a838db3c,A Google user,"Det g√•r ej att avmarkera l√§n f√∂r vilka du vill ha viktigt meddelande f√∂r (det finns inst√§llningar f√∂r att g√∂ra detta, men g√•r inte att anv√§nda inst√§llningarna)",2,2019-06-24 13:44:43,2.5.0
4527225b-f0af-4f98-bc3e-19eed09fa548,A Google user,This app does not remember counties selected. This means you will always get messages for the whole of Sweden.,2,2019-01-08 09:15:43,2.3.0
61f2a840-3601-4fc2-a4fa-f08f5eb390a1,A Google user,"Appen kommer ej ih√•g inst√§llningar. Checker ur alla notiser f√∂rutom tre 
omr√•den. 10 min senare √§r samtliga l√§n icheckade igen. M√•ste fixas f√∂r att 
denna app ska bli anv√§ndbar.",2,2018-07-17 12:51:43,2.2.5
7bca1618-c802-49d5-b1cf-183710ac34bc,A Google user,"Ett bra initiativ, men det √§r lite v√§l m√•nga notiser som inte ber√∂r mitt 
n√§romr√•de som pushas ut.",3,2018-04-23 13:36:32,2.2.3
88542c3d-92dd-4440-89ec-f91ee313bb83,A Google user,"""Aktuellt"" √§r ett sk√§mt. Jag √∂ppnar aktuellt, ser en varning om r√∂kutveckling, ringer och varnar familj och v√§nner f√∂r att jag bryr mig om dem.  St√•r d√§r sedan som ett f√•n eftersom krisinformations definition av aktuellt √§ven innefattar faror som passerat f√∂r flera dagar sedan.  Med andra ord appen fyller inget relevant behov.",1,2017-10-23 14:22:48,2.0.2
000ddb05-1c4e-4ab2-9c71-4266da1ea02d,A Google user,Skickar felaktigt varningar utan information. Installera inte! √Ñnnu!,1,2017-07-27 14:55:17,
7a54819b-f9e0-4c9e-8791-1a4c52123176,A Google user,"Notiser f√∂r hela Sverige √§ven om man valt ett annat, s√§rskilt omr√•de.",2,2017-07-23 08:40:36,2.0.2
ec2c820c-5ce9-4018-ad1d-179c1163e037,A Google user,Notifikationerna fungerar inte f√∂r fem √∂re. Ungef√§r som hesa fredrik i sthlm h√§r om dagen. H√§nder n√•t stort s√• √§r vi nog k√∂rda i det h√§r landet. Har haft appen installerad hur l√§mge som heldt utan att f√• en enda notifikation.,1,2017-07-11 20:07:21,2.0.2
fb46b085-fc6f-4c4a-8509-8e85bbcb817f,A Google user,"Bra initiativ, men appen √§r inte f√§rdigutvecklad. T.ex. f√•r man notifikationer fr√•n hela landet, trots att man bara har checkat av Stockholm. Ibland blir man bombaderad med en och samma notifikation om och om igen.",2,2017-07-02 12:01:47,2.0.2
4b3b4eec-7a60-4cc8-9ddb-323f229f5160,A Google user,Just received +20 notifications about wrong region.,1,2017-06-28 17:08:51,
64d15614-6a2e-4239-b6cc-5a8086eeb74c,A Google user,"F√•r Notifikationer f√∂r √ñland, cirka 12 p√• rad senaste timmen trots inst√§llning f√∂r bara norrbotten och v√§sterbotten. Trasig app.",1,2017-06-28 17:03:40,2.0.2
c356b90d-db9b-46fc-b272-8390dfcb4de0,A Google user,A disaster in itself,1,2017-06-28 16:39:20,1.4
ea887e5a-860c-408d-be58-a395c3317776,A Google user,"Bra initiativ, men appen √§r s√• j√§vla d√•lig. Filtret verkar inte fungera alls och jag och sambon fick just ca 10 notiser var om regn i Kalmar n√§r vi bor i GBG och bara har valt V√§stra G√∂taland.",2,2017-06-28 16:35:43,2.0.2
8a8e3916-bf80-42bf-bd6a-92ba70f32124,A Google user,Appen funkar d√•ligt med notifikationer d√• man ofta f√•r info fr√•n delar av landet som inte √§r relevant eller som man inte vill ha. Sen g√•r det inte se hela notisen heller.,2,2017-06-28 16:35:20,
44db93d6-cf7f-4d39-9083-461b3c6a3add,A Google user,"Buggig och d√•lig, avinstallera f√•tt samma notis nu 9 g√•nger",1,2017-06-28 16:33:28,2.0.2
e2c57a81-a15d-47b2-a128-d87f579ce0b6,A Google user,"Det finns inst√§llningar f√∂r att filtrera notiser per omr√•de och √§ven funktion f√∂r att st√§nga av dessa, tyv√§rr verkar inget ha effekt. Detta inneb√§r att jag st√§ngt av notiser p√• systemniv√• - inte bra f√∂r en app som ska kunna meddela mig om krisinformatin...  Tog √§ven kontakt med teamet som inte kunde ge n√•gra insiktsfulla svar. Det f√•r mig att tro att utvecklingen av denna app √§r p√• ganska l√•g prioritet, vilket √§r synd n√§r den kan f√∂ra en s√•pass viktig funktion.",2,2017-06-08 12:38:00,2.0.2
f5d0beb1-ec89-4e59-888a-efc510b56cf5,A Google user,"Positivt f√∂rv√•nad √∂ver appen. Snabb, snygg och smidig. √ñnskar att man kom in p√• artikeln n√§r man g√•r via utm√§rkningarna p√• kartan, annars üëç.",4,2017-06-04 11:37:42,2.0.2
c3fdb628-3c55-4eb4-8dd6-109c2933f832,A Google user,75% av alla notiser leder ingenstans  n√§r man klickar p√• dem. Man kommer bara till startsidan och d√§r st√•r det inget om h√§ndelsen man klickade p√•. Extremt frustrerande d√• man inte kan se hela texten i notisen!,2,2017-06-04 09:26:16,2.0.2
9ad7903d-321e-4ce5-b788-4990b6438607,A Google user,"Viktigt meddelade i notisf√§ltet f√∂rsvinner, f√•s ej fram i appen heller ! Provat flera g√•nger, blir s√• varje g√•ng n√§r man g√∂r p√• ett visst vis...",2,2017-05-28 16:55:54,2.0.2
f2f2b390-2d19-4ef7-9a55-3d8d50a8a442,A Google user,Inneh√•llet √§r ofta inte uppdaterat och g√∂r d√• att notiser inte leder n√•gonstans.,2,2017-05-23 11:49:56,2.0.2
4bb08214-1b41-4819-98cc-341fd760efc5,A Google user,"Pinsamt! Ingen checklista f√∂r att f√∂rbereda hush√•ll att klara de 72h som det tar f√∂r msb att mobilisera. Ingen stor knapp f√∂r ""navigera till ditt skyddsrum"". De tips man f√•r f√∂r vattenbrist √§r ju crtl-c/ctrl-v fr√•n milj√∂r√∂relsen. Hur g√∂r jag n√§r det slutar komma vatten ur kran? Automattv√§ttar bilen?! Det kommer att bli kris, hj√§lp folk att f√∂rbereda sig!",1,2017-04-12 09:15:49,2.0.1
6b7bf3ab-bd7c-4781-b21d-62b2b72ba452,A Google user,"Den h√§r appen g√∂r ju inte det den ska. Jag f√∂rv√§ntar mig notifikationer n√§r det h√§nder n√•got inom de omr√•den jag valt, men icke. Ist√§llet m√•ste man starta appen och sj√§lv aktivt s√∂ka information, dvs anv√§nda den som en v√§ldigt d√•ligt layoutad lokaltidning. Vet ni √∂verhuvudtaget hur en smartphone fungerar och hur man kan g√∂ra appar smarta med notifikationer och widgets?",1,2017-04-09 05:34:39,2.0.1
f64d31c3-0f81-404f-978d-42fb1378924e,A Google user,"St√∂kig design, ta en titt p√• Androids guidelines.  Notiserna √§r ofta helt ointressanta och inneh√•ller ingen ""krisinformation"".",2,2017-03-22 19:33:21,2.0.1
585aa0b2-812a-42e8-a3de-144dab563018,A Google user,"Det f√∂rsta intrycket √§r bra, dock vet jag inte om det hj√§lper Sverige s√§rskilt mycket om Ryssen kommer! üòÇ eller b√∂r man s√§ga Nato? üëπ‚ò†üëªüíÄ",4,2017-02-25 14:08:02,2.0
151cb298-f801-4741-a333-ba9b550aae6c,A Google user,"P√• min Nexus 7, s√• √∂verlappar knapparna l√§ngst ned, med omr√•det d√§r system- knapparna √§r.. Vilket g√∂r det sv√•rt att r√∂ra dem korrekt.",3,2014-12-22 22:23:57,1.2
d0c3d6f1-7e32-42c4-bfca-aa99405f8c68,A Google user,Forts√§tt bygga p√• den och g√∂r den mera optimerad.,4,2014-11-16 20:10:56,1.2
88349876-8cb0-40f4-bd5f-5cebef8955a0,A Google user,"Bra, men knappast fager och inte s√§rskilt bra optimerad.",4,2014-08-13 02:42:30,1.2
66f4e2f7-9ddd-4928-85ec-3807d91e8f65,A Google user,Det √§r en smidig app. Den √§r dock v√§ldigt ful.,3,2014-06-17 10:29:14,1.2
bc47aae3-eb4e-4ffc-9b7a-22e5fe265755,A Google user,"L√§nkar direkt till driftst√∂rningar, trafikst√∂rningar och pushat info om dom l√§n du f√∂ljer.",5,2014-06-08 01:53:53,1.2
c3c75e5b-0425-479c-8985-6f4eaaca3548,A Google user,Bara l√§nkarna p√• samma st√§lle √§r v√§rt 4 pluppar.,4,2014-04-11 19:24:56,1.2
037beabe-322d-42f1-8417-46a5b92e4668,A Google user,√ñverraskande bra och anv√§ndbar!,5,2013-09-02 23:40:24,1.1
a4574ac9-7722-4e54-9e11-47fe8e153486,A Google user,"Bra med m√∂jligheten att bevaka k√§n, men man borde kunna l√§gga in positionsbevakning p√• just det l√§n man befinner sig i.",4,2012-06-07 06:59:34,1.0
196a94d0-5b29-41a2-9e23-1d4400498177,A Google user,Riktigt bra uppl√§gg!,5,2012-06-05 19:32:57,1.0
,Andreas 7892,"S√•g en 2 √•r gammal kommentar om att man f√•r alla WMA meddelanden f√∂r hela landet oavsett vilka l√§n man kryssat i. S√• √§r det tyv√§rr fortfarande och jag f√•r fortfarande notiser f√∂r helt andra delar av landet, vilket f√∂r min del urholkar v√§rdet av appen (lite som pojken som ropade varg). Annars bra app och tydlig info!",2,2022-02-12,
,Kallokain,"Jag installerade appen f√∂r att f√• information om Corona-virusets spridning i G√∂teborg. Det √§r information jag kan anv√§nda f√∂r att bed√∂ma hur jag ska f√∂r√§ndra mitt beteende f√∂r att minska risken f√∂r smittspridning.

Ist√§llet f√•r jag information om gr√§sbr√§nder i hela Sverige. Det finns m√∂jlighet att konfigurera appen f√∂r geografiska omr√•den, och informationsk√§llor, men det funkar inte.

Appen √§r en j√§ttebra id√©, men implementationen √§r s√• d√•lig att den kan vara direkt farlig. Jag vill inte att den information jag beh√∂ver ska drunkna i saker som inte r√∂r mig, eller som √§r mindre viktiga.

Jag avinstallerar, och f√∂rs√∂ker f√• information p√• annat s√§tt.",1,2020-03-21,
,Nihalti,Rekommenderar . Bra app f√∂r officiella info och uppdatering fr√•n.,4,2020-04-06,
,Robinio2999,"Bra att man kan f√• varningar och kris info.
De s√§ger att de f√∂rb√§ttrat s√• man bara kan f√• information av de omr√•den man kryssat i, men √§nd√• f√•r jag krisinfo om alla delar av landet...",3,2019-07-24,
,Sweetie pie 43,Till min iPhone kommer notifieringar med ljud fr√•n ALLA l√§n trots att jag bara valt mitt eget.. trist att bli v√§ckt p√• natten och oroad √∂ver n√•t som inte ber√∂r det omr√•det jag bevakar. D√•ligt!,1,2019-07-27,
,√ÖttBoll,"Till alla som tror att det √§r fel i appen:
Man m√•ste √§ndra notisinst√§llningarna i appen, filtret du st√§llt in g√§ller bara nyhetsfl√∂det du tittar p√•.",5,2020-04-14,
,0liPar,Varf√∂r sl√•s inte denna app ihop med appen 112? Allt p√• ett st√§lle!,3,2020-04-04,
,Andr√©as Olofsson,"En app om krisinformation fr√•n MSB som inte uppdaterats p√• tv√•(!) √•r och d√§r push-notiserna inte fungerar √∂verhuvudtaget.
Fixa appen s√• den √§r relevant, och fungerar, f√∂r v√•rt nuvarande omv√§rldsl√§ge eller plocka bort den fr√•n App Store! S√•som appen √§r nu s√• √§r den helt v√§rdel√∂s vilket √§r synd d√• id√©en √§r god men implementeringen √§r under all kritik. Sv√•rt att ta MSB p√• allvar n√§r det h√§r √§r resultatet.",1,2022-07-03,
,Chickabee78,Bra app men har inte uppdaterats p√• 2 √•r trots en uppsj√∂ av rapporter att notiser inte fungerar som dom ska. Om ny uppdatering ska ut m√•ste utvecklarna specificera integritets information (den information de tar fr√•n din telefon) enligt Apple. √Ñr det d√§r skon kl√§mmer?,3,2022-06-19,
,kirre0204,L√§gg in s√• man kan se var det finns skyddsrum,3,2022-03-17,
,Pite-mor,"F√•r notiser fr√•n hela Sverige. G√•r inte att avmarkera l√§n utan alla √§r bockade.
En viktig app och d√§rf√∂r b√∂r v√§l funktionerna fungera som de ska?
F√•r notiser p√• natten om brand men branden √§r 100 mil bort.
Sett att detta varit ett problem l√§nge. Kanske dags ta tag i det?",3,2022-03-08,
,OkejokejFINE,"Bra att f√• viktig information ifr√•n men appen √§r buggad. Du kan inte √§ndra vilka l√§n d√• f√•r notiser f√∂r trotts att appen har en inst√§llning f√∂r det. Du f√•r bara error med: ‚ÄùDet gick inte att uppdatera notisinst√§llningarna.‚Äù 

Varken avmarkera f√• l√§n eller alla l√§n funkar heller.",2,2022-12-05,
,izekube,Sedan √•ratal har iOS notisinst√§llningar inte funkat. Man kan inte markera/avmarkera l√§n utan man f√•r alla. Oprofessionell app support som inte l√§ser omd√∂men av en samh√§llskritisk app.,1,2022-01-30,
,M. 25/11-2011,"Idag utf√§rdades ett VMA i Sk√•ne ang√•ende b√•tbr√§nder jag har gjort alla m√∂jliga inst√§llningar i appen f√∂r att f√• notiser osv i telefonen,men inte fick jag n√•gon notis om detta. Fick d√§remot notis fr√•n tidningen Expressen. Nog dags f√∂r en uppdatering av appen och samtidigt l√§gga till att VMA signalen h√∂rs fr√•n telefonen samtidigt typ.",1,2022-01-11,
,SkaeggMunk,"Den mest grundl√§ggande och kritiska funktionen fungerar inte, dvs notiser f√∂r Viktigt Meddelade till Allm√§nheten f√∂r det l√§n du valt. Idag kom ett VMA i mitt l√§n men appen har inte skapat n√•gon notis. Sn√§lla r√§tta denna bugg!",1,2021-12-11,
,GodlysickofNics,"* Du kan endast f√• notiser fr√•n ALLA l√§n
* Klickar du p√• avmarkera alla s√• blir alla markerade direkt efter
* Klickar du bort n√•got l√§n, blir den markerad igen MEN har d√• m√∂jligheten att klicka p√• MARKERA ALLA, fast √§n allt √§r markerat
* Klickat du p√• st√§ng av notiser i appen s√• f√•r du error meddelande ‚Äùdet gick inte att uppdatera notisinst√§llningar‚Äù",1,2021-07-31,
,Jalleso,F√∂r 2√•r sedan p√•pekade Robinio2999 att det inte fungerar att filtrera vilka omr√•den som man f√•r Krisinformation fr√•n. √Ñr det inte dags att fixa detta. Jag √§r inte intresserad av om det brinner i Pajala. Allt f√∂r m√•nga notiser g√∂r att man avinstallerar appen.,1,2021-07-26,
,olaabcdefg,Nu verkar det vara fixat. Man f√•r bara information om de omr√•den man valt.,5,2020-05-27,
,Steffo5,"Det funkar inte att v√§lja l√§n f√∂r notiser, s√• jag f√•r pushnotiser f√∂r alla l√§n. S√•d√§r d√• 99% av allt √§r irrelevant f√∂r mig, s√• till slut slutar man bry sig tyv√§rr.",3,2023-02-17,
,linaa_2,"Tanken √§r god, men de f√• g√•nger jag faktiskt f√•r notiser s√• kommer de TIMMAR efter h√§ndelsen. T.ex. vid test av krigslarm, 4-8 timmar EFTER att larmet testats f√•r jag notis om att det ‚Äùska testas vid *klockslag* idag‚Äù, medan jag f√•tt notis fr√•n SOS Alarm flera timmar i f√∂rv√§g (s√• som det ska fungera). Vet om m√•nga fler som har samma problem, notisen kommer flera flera timmar efter h√§ndelsen intr√§ffat.",1,2022-12-06,
,Biodlare1,"Bra att den finns. Men jag f√•r inga notiser trots att alla l√§n √§r markerade. Och det g√•r inte att avmarkera l√§n ü§¨. G√∂r om, g√∂r r√§tt.",2,2022-11-04,
,cff92,F√•r notiser fr√•n alla l√§n,2,2022-06-15,
,Lurad??,"Ser att ingen r√∂rt appen p√• flera √•r, s√• chansen att ni fixar den oerh√∂rt irriterande buggen att det inte g√•r att s√§tta l√§n f√∂r notiser √§r v√§l inte s√• stor.

N√§r jag s√§tter en bock p√• mitt l√§n i inst√§llningarna blinkar bocken till, sen √§r den borta. Och jag f√•r fortsatt notiser fr√•n hela landet.",1,2022-10-09,
,Pjorgensen,G√•r ej att avmarkera l√§n.,1,2022-09-03,
,AEriksson,"Det g√•r fortfarande inte att v√§lja l√§n f√∂r notiser, avsett vad man klickar i s√• √§ndrar appen tillbaka till ‚ÄùAlla l√§n‚Äù. Har varit s√• sedan start.",1,2022-08-11,
,glassbil,Jag f√•r notiser fr√•n andra regioner utom min egen. Beh√∂ver g√• in p√• appen f√∂r att kunna se min region.,1,2022-08-04,
,Lukas Moseby,Finns en inst√§llning f√∂r att v√§lja geografiskt omr√•de. Men den v√§ljer automatiskt alla omr√•den oavsett hur mycket man f√∂rs√∂ker att avmarkera. S√• man tvingas f√• information fr√•n hela Sverige √§nd√• vilket resulterar i att man avinstallerar appen ist√§llet. Tr√•kigt.,1,2022-06-15,
,Gbdjlgghhhxjbxfvfdcvjgszc,"Bra notiser men oerh√∂rt st√∂rande att f√• meddelande mitt i natten f√∂r ett omr√•de man inte ber√∂rs av, och man inte valt.",2,2022-05-18,
,SaraHedstr√∂m,"V√§ldigt bra app som h√•ller en informerad om kritiska l√§gen. MEN det g√•r inte att bocka av n√•gra l√§n i notisinst√§llningarna, s√• man f√•r notiser f√∂r hela landet. P√• s√• vis tar man heller inte notiserna p√• stort allvar, eftersom det n√§stan aldrig ber√∂r en sj√§lv.",4,2022-06-15,
,Aeroaero,"Skaffade appen f√∂r att f√• viktig information till allm√§nheten men det g√•r inte att v√§lja l√§n och det h√§nder inget n√§r man trycker p√• l√§nen eller markera/avmarkera alla. 
Otroligt d√•ligt att skapa en app f√∂r krisinformation som inte fungerar som den ska. B√§ttre att l√•ta bli i s√• fall. Verkar ju ha varit ett problem i flera √•r n√§r man l√§ser andra recensioner.",1,2022-05-24,
,Boffebus,"√Öterkommande problem √§r att jag valt mitt l√§n, s√• f√•r jag information om √∂vriga l√§n. Har testat att installera om appen flertalet g√•nger. Problemet kvarst√•r. 

Trov√§rdigheten f√∂r appen och krisinformation sjunker, jag lyfte detta f√∂rst i juli 2020 och det √§r √§nnu ej l√∂st.",2,2021-05-22,
,count2ERO,Oerh√∂rt d√•lig app!,1,2021-10-13,
,geronten,Pinsamt d√•lig app. Senaste information tycks vara minst tre m√•nader gammal. N√•got m√•ste v√§l √§nd√• ha h√§nt i Sverige sensre √§n s√•?,1,2021-07-23,
,04911940,V√•ra skattepengar sl√∂sade p√• dummaste s√§tt.,1,2021-06-13,
,Angiez Doo,"Bra app, 
 men jag kan inte v√§lja bort de l√§n man inte vill f√∂lja i notiser i appen s√• jag f√•r √∂ver hela Sverige n√§r jag enbart vill ha d√§r jag befinner mig",3,2021-05-31,
,dix_xib,"F√•r bara notiser fr√•n l√§n som jag inte markerat. Bra indikation p√• hur pass f√∂rberett myndigheterna √§r f√∂r en riktig kris...

Uppdatering n√•got √•r senare: Fortfarande samma grej med notiser som inte fungerar. Nu f√•r jag f√∂r jag har markerat, men ocks√• om br√§nder i Lule√•...",2,2021-04-11,
,FesseE,Bra app och bra initiativ. Dock beh√∂ver man st√§lla in l√§n b√•de f√∂r nyhetsfl√∂det och lite mer kryptiskt i notisinst√§llningar.,4,2021-05-19,
,Vitaminen,Jag har valt att jag vill f√• notiser n√§r n√•got intr√§ffar i Halland. Men jag kan f√• ibland ifr√•n andra l√§n ocks√•. Hur kommer detta sig?,3,2021-05-16,
,Alibolala,"Som rubriken s√§ger. Verkar va en bug i den delen av appen och det √§r r√§tt irriterande, speciellt nu n√§r jag fick bort de l√§n jag inte ville f√• notiser fr√•n, men d√• r√∂k de l√§n jag ville ha med ocks√• üòï",4,2021-04-27,
,Micksven,Varf√∂r f√•r jag info om vad som sker i  hela landet n√§r jag bara har i bockat f√∂r ett landskap???,1,2021-04-15,
,Jeaz,"Tanken √§r ju fin att man ska kunna v√§lja vilka regioner man f√•r notis om, men funktionen fungerar inte och f√•r notis om alla regioner i alla fall. 

F√∂rs√∂ker jag tex ‚Äùavmarkera alla‚Äù under notisinst√§llningar blinkar den bara till och sedan √§r alla valda igen.",2,2021-03-31,
,Kalle4468342665,"Jag f√•r varningar fr√•n alla l√§n, och det g√•r inte att avmarkera. Funktionen funkar inte",1,2021-04-11,
,ullvi,F√∂rst√•r inte varf√∂r denna myndighet finns √∂ver huvudtaget.üòü,1,2021-04-02,
,/Katja,Det g√•r inte att markera vilket l√§n man vill ha information om vilket inneb√§r att jag f√•r alla varningar i hela Sverige. Den ropar varg vilket tar bort nyttan. Raderar appen.,2,2021-03-31,
,Mattias Kesti √ñstergren,"P√• sk√§rmen ""V√§lj l√§n f√∂r notiser"" √§r alla l√§n valda och de g√•r inte att avmarkera, s√• jag f√•r notiser om br√§nder i Sk√•ne n√§r jag bor i G√§vle.",2,2020-10-15,
,Esox2k,"Denna pinsamt d√•liga appen fullkomligt spammar med varningar f√∂r precis hela v√•rat l√•nga land trots att jag valt specifika l√§n.
Har g√•tt igenom precis varenda inst√§llning och meny men det g√•r inte att f√• appen sluta bete sig fel.

Under all kritik med tanke p√• vilken funktion den ska fylla i samh√§llets beredskap. Fler l√§r ha appen √§n som lyssnar p√• P4 - FIXA NU!",1,2021-03-31,
,Oproffsig app,Notiser har aldrig fungerat och  supportl√§nken g√•r till en sida som inte finns... Borde vara lite mer seri√∂st hanterad app d√• syftet √§r vad det √§r,1,2021-03-07,
,WyZer_ORG,"G√•r inte att justera notiserna, f√•r varningar fr√•n hela landet och f√∂rs√∂ker man √§ndra det s√• fort man felmeddelande. F√∂rs√∂ker man klicka p√• ""appsupport"" h√§r i appstore s√• l√§nkas man till en hemsida som inte kan hittas. Hur skall vi kunna ta appen p√• allvar om inte ni g√∂r det?",1,2021-03-03,
,quebinsucho,Would be very convenient if text could be selected to translate to other languages.,3,2021-03-03,
,anv√§ndare999,"‚ÄùI mars 2020 inf√∂rde Utrikesdepartementet (UD) en avr√•dan fr√•n icke n√∂dv√§ndiga resor till alla l√§nder i v√§rlden. Med icke n√∂dv√§ndiga resor avses bes√∂ks- och turistresor.‚Äù

Detta √§r nog gammal info (med tanke p√• att generaldirekt√∂ren f√∂r MSB √•kt p√• semesterresa) och borde uppdateras. 

Annars √§r Appen bra tycker jag...",3,2021-01-02,
,Niklas B,Varf√∂r in jag inte kryssa bort de l√§n jag inte vill ha information fr√•n?,3,2020-12-19,
,zzzyyyeeevvv,Urd√•lig!!! Intressant att alla namn med inneb√∂rden att ni √§r extremt d√•liga √§r upptagna.,1,2020-12-14,
,jericson,"Markering och avmarkerande av l√§n f√∂r bevakning fungerar inte. Samtliga √§r valda hela tiden. Fixa, tack.",1,2020-11-25,
,ErikWesterdahl,Sn√§lla fixa Notisinst√§llningarna. Jag f√•r notifieringar fr√•n hela landet och det fungerar inte att avmarkera/markera det omr√•de som ber√∂r mig.,2,2020-10-15,
,mfalkvidd,"Bra app, men ger hela tiden notifieringar f√∂r l√§n som jag inte valt. Har d√§rf√∂r avinstallerat appen.",2,2020-08-24,
,TheRealZwaa,"Om det ej g√•r att avmarkera l√§n, ta bort appen och installera den igen (inte bara uppdatera, ta bort den helt f√∂rst). Det l√∂ste problemet f√∂r mig. Skulle tro att det √§ven l√∂ser m√•nga andra problem.
M√•nga har rapporterat att det ej g√•r att avmarkera l√§n f√∂r vilka du vill ha viktigt meddelande. S√• √§ven jag. D√•ligt att de ansvariga ej har g√•tt ut med denna l√∂sning, folk har klagat sen m√•nader tillbaka.",3,2020-09-21,
,Peter Mn,"Funkar v√§l bra men varf√∂r f√•r jag varningar om br√§nder etc.i andra √§ndan av landet? Jo, jag har bara mitt eget l√§n kryssat.",3,2020-09-01,
,Sura tomten,"I inst√§llningar av appen g√•r det inte att v√§lja vilka l√§n man vill ha information om. Trots att jag ser att folk p√•pekat detta f√∂r √∂ver ett √•r sen, buggar fortfarande funktionen. Extremt d√•ligt i en myndighetsapp som denna.  Jag bryr mig inte om en brand i √§lsbvyn eftersom jag bor i Sk√•ne.",2,2020-08-24,
,MonkeyRoyale,Som alla andra f√•r jag notiser fr√•n alla l√§n trots att jag bara valt det relevanta. Kom igen och fixa det annars blir det att avinstallera.,2,2020-08-15,
,finnsinganamnkvar,"Tr√∂tt p√• denna skitapp. Det brinner i en bilverkstad n√•n kilometer bort med explosionensrisk och f√•r ingen information. 
L√§gg ner denna app.",1,2020-08-21,
,kj√∂ta,Fungerar inte med val av omr√•de. Trots att jag valt 1 l√§n f√•r jag information fr√•n hela landet!,2,2020-08-11,
,Nightsgrow,"Jag f√•r meddelanden om VMA f√∂r alla l√§n i landet, det g√•r inte heller att st√§lla in vilka l√§n man vill f√• notiser f√∂r. Bocken p√• l√§net man √§r intresserad av blinkar bara till och f√∂rsvinner.",2,2020-06-25,
,Hoppetossan,"F√•r varningar n√§stan dagligen, eftersom notiser √§r f√∂r hela landet. G√•r varken att st√§nga av notiser eller avmarkera de l√§n som inte √§r aktuella! Nu har jag b√∂rjat att ignorera notisens eftersom de n√§stan uteslutande kommer fr√•n Norrland och jag bor i v√§stra G√∂taland! Ser att det h√§r p√•pekats redan f√∂r ett √•r sedan, hur sv√•rt √§r det att g√∂ra en buggfix s√• att det g√•r att anv√§nda notisinst√§llninga???",1,2020-08-11,
,Fixarenssara,"Appen har tidigare f√•tt kritik f√∂r att den skickar meddelanden fr√•n omr√•den man inte kryssat i att man vill ha information om. Sedan kom en buggfix. 
Men:
Idag fick jag veta att en l√§genhet brinner i Sundsvall... 
Seri√∂st?!? Ligger Sundsvall i Sk√•ne ‚Äùfortfarande‚Äù?!?üôàüòÇ",1,2020-07-31,
,Marcello_Sthlm,"F√•r, som m√•nga andra skriver, notiser fr√•n alla m√∂jliga delar av landet trots att jag bara bockat f√∂r tv√• l√§n. Ganska d√•ligt att det inte √•tg√§rdats trots att det varit s√• v√§ldigt l√§nge nu.",1,2020-07-31,
,notifikation bugg,F√∂r mig g√•r det inte att v√§lja l√§n f√∂r notifikationer. Antigen markeras alla eller inga. Individuella l√§n sparas inte.,1,2020-07-05,
,p3b0,"Dags att fixa, trots att man v√§ljer sitt eget l√§n i ‚ÄùV√§lj l√§n f√∂r notiser‚Äù s√• kommer det notiser fr√•n andra l√§n, det f√•r mig att st√§nga av notiserna helt ist√§llet vilket ju √§r totala motsatsen till vad appen √§r till f√∂r. 
F√•r jag gissa s√• handlar det inte om fel i sj√§lva appen, utan hur sj√§lva krisen l√§ggs in av er. Allts√• att den endast ska g√§lla i ett visst l√§n, f√∂r p√• kartan visas √§ven andra varningar trots att man har valt ett visst ‚ÄùOmr√•de‚Äù.",3,2020-06-26,
,Nblue,"Tanken med den h√§r appen √§r god. Tyv√§rr √§r det n√•got fel i den som g√∂r att man f√•r notiser f√∂r alla l√§n √§ven om man bara valt ett s√§rskilt l√§n, man f√•r allts√• massa irrelevanta notiser hela tiden. Att klicka p√• Appsupport i Appstore g√∂r att man hamnar p√• en borttagen sida. Baserat p√• att appen inte √§r uppdaterad de senaste 6 m√•naderna s√• k√§nns det tyv√§rr som de lagt ned den. 

D√•ligt hanterat av myndigheten som st√•r bakom!",1,2020-06-26,
,jonasbi,"N√§r jag f√∂rs√∂ker avmarkera ett l√§n s√• markeras det igen, jag f√•r notifikationer f√∂r alla l√§n ock kan inte v√§lja bort n√•gra",1,2020-06-26,
,mar3ld,"Appen Krisinformation √§r kanske den viktigaste appen i landet men har fungerat d√•ligt p√• senare √•r. Istf att utvecklaren l√∂ser buggar och skickar ut f√∂rb√§ttrade versioner √§r man ombedd att installera om appen med j√§mna mellanrum.

Heja Sverige! üòÇ",2,2020-06-16,
,GreatGuyAndy,Raderar appen nu f√∂r jag f√•r bara notis p√• notis om sm√•br√§nder i andra √§nden av landet. Har valt v√§stra G√∂taland som omr√•de men inte en enda notis har r√∂rt n√•gon h√§ndelse h√§r.,1,2020-06-17,
,Hs√∂bduvbs√∂gb,"Bra med notis f√∂r Krisinformation i n√§romr√•det, man f√•r dock notiser f√∂r hela Sverige √§ven att man valt sitt omr√•de och gett appen √•tkomst till platsinfo.",3,2020-06-16,
,Freddy_teddy,Jag har extremt f√• notiser p√• min telefon. Jag vill endast ha max en notis i m√•naden fr√•n er. H√§rom dagen rev ni av typ sex pushar p√• en dag. Det kan ju inte vara rimligt.,2,2020-06-14,
,Lupmet,"I inst√§llningarna f√∂r vilka l√§n en skall f√• notiser f√∂r g√•r det inte att avmarkera l√§n, vilket g√∂r att jag f√•r f√∂r hela landet. ‚ÄùAvmarkera alla‚Äù leder till att alla bockarna blinkar till och trycker jag p√• en enskild f√∂rsvinner den i en halvsekund f√∂r att sedan markerad igen. N√•got fungerar inte som det skall. Fort och fel?",1,2020-06-15,
,hwilarn,Idag blev hela Sverige uppmanat att installera om appen eftersom ‚Äùett fel‚Äù gjorde att det ‚Äùkan vara problem med att √§ndra inst√§llningarna f√∂r notiser‚Äù. Amat√∂rm√§ssigt och pinsamt.,2,2020-05-27,
,John Caboose,"G√•r inte filtrera bort VMA baserat p√• l√§n, √§ven fast det finns inst√§llningar f√∂r det (som inte fungerar).",2,2020-05-27,
,Irriterad2,"Avinstallerar denna app d√• man f√•r notiser fr√•n hela Sverige, √§ven om man v√§ljer ett l√§n s√• f√•r man allt annat med.
Synd att det inte fungerar f√∂r tanken √§r god.
Viktiga meddelande kan man √§nd√• f√• via andra media utan en massa falsklarm h√§rifr√•n.",1,2020-05-27,
,Freddddan!,Det g√•r inte att avmarkera l√§n f√∂r notiser den markerar alla igen,2,2020-05-27,
,Boggen,N√§r man klickar p√• avmarkera alla l√§n s√• avmarkeras alla och d√§refter markeras igen.,1,2020-05-27,
,Rich#1,"Appen har en allvarlig bugg som i praktiken g√∂r hela appen obrukbar.

Samtliga l√§n √§r markerade f√∂r notiser, och det g√•r inte att avmarkera dem. Detta betyder att appen hela dagarna skickar irrelevanta notiser.

Efter att ha ‚Äùropat varg‚Äù i en hel vecka tvingas man st√§nga av appens notiser helt, vilket i praktiken f√∂rringar hela dess v√§rde.

Nu visar det sig att inte ens det g√•r att genomf√∂ra(!). Appen ger ett felmeddelande om att det inte g√•r att uppdatera notisinst√§llningarna. Det enda som kvarst√•r √§r d√§rf√∂r att helt avinstallera hela appen(!!!).

Appen har inte uppdaterats p√• ca ett halv√•r och ger ett extremt svagt intryck. K√§nns i princip som ett √∂vergivet, halvf√§rdigt amat√∂rprojekt.",1,2020-05-27,
,Quercus1984,Bra grundid√© men jag f√•r notiser om br√§nder i Dalarna trots att jag valt att bara f√• notiser g√§llande Sk√•ne. Det blir r√§tt irriterande.,2,2020-05-22,
,Slangeen,"F√•r inga notisar.
Kan inte v√§lja l√§n, alla l√§n blir markerade hur man √§n g√∂r. F√•r √§nd√• ingen notis.",1,2020-05-27,
,Znoz,Bra app men i syort behov av uppdatering! Buggar g√∂r s√• att det inte g√•r att st√§lla in de variabler man vill ha.,3,2020-05-27,
,pbjorkhe,Kan ej v√§lja villka l√§n jag vill. Helt kass! (Iphone x),1,2020-05-26,
,bjornkosundell,"Det g√•r inte att st√§nga av notiser och det g√•r inte att v√§lja vilka l√§n man vill ha bevakade s√• oavsett var du bor f√•r man info fr√•n hela Sverige. S√• pass irriterande att jag tog bort appen.

Dessutom funkar inte supportfunktionen i appstore s√• det g√•r inte att kontakta utvecklaren. Hoppas de l√§ser h√§r d√•.",1,2020-05-22,
,shubhesh,There should be an option in English as well for non-Swedish speaker.,2,2020-04-16,
,Linkan1903,Tycker att det √§r dags att fixa denna bugg nu s√• man slipper f√•  pushnotiser som varnar f√∂r h√§ndelser som ligger 200 mil bort.,1,2020-05-14,
,üçÄEldingüçÄ,Det √§r en fantastisk app och jag √§lskar kartfunktionen! Den hj√§lper mig s√• mycket!,5,2020-05-09,
,kolmastala,Kunde lika g√§rna titta p√• nyheterna f√∂r den h√§r appen funkar ej som den ska f√•r information som inte r√∂r mig √∂ver huvudtaget lite som n√§r man laddar ned aftonbladets app,1,2020-05-09,
,Dontin616,In the info it says it is avaliable in English but it is not I think you should really made it in English you do know there is a lot of people not speaking swedish,1,2020-05-05,
,Bladerhunner,...och som vanligt √§r det s√• urvattnat att det i praktiken snarare blir desinformation. L√§gg ner sk√§mtmyndigheten MSB som st√•r bakom detta resurssl√∂seri. Pinsamt d√•ligt!,1,2020-05-04,
,Less Nesman,"Inst√§llningarna f√∂rsvinner st√§ndigt. Om du inte kan v√§lja l√§n, testa att ta bort appen och installera igen. MSB: det beh√∂ver inte finnas den h√§r sortens buggar.",2,2019-10-14,
,A—Å–µ–Ω,Det appen √§r j√§tte inte bra,1,2020-04-15,
,v√•gar ej uppdatera fram√∂ver,"N√§r jag √∂ppnar appen finns det ingen info, m√•ste dra 1-5 g√•nger f√∂r att uppdatera i appen f√∂r att infon ska komma. F√∂rut kom allt s√• f√∂rt appen √∂ppnades",4,2019-11-29,
,Harusilveryume,"Om ni f√•r notiser f√∂r hela Sverige trots att ni bara valt n√•gra omr√•den s√• √§r det f√∂r att ni bara valt att st√§nga av de p√• 1 av 2 st√§llen! Ni m√•ste st√§nga av b√•de under ‚ÄùAktuellt‚Äù p√• f√∂rsta sidan, och i ‚ÄùInst√§llningar‚Äù. Lite konstig design men jag f√∂rst√•r tanken bakom.",4,2019-11-15,
,.emanuel,"Inneh√•ller en del matnyttigt om hur man f√∂rbereder sig f√∂r olika kriser. Tyv√§rr kraschar appen ibland och notifieringarna √§r lite godtyckliga, kommer senare n√§r faran √§r √∂ver mm. Hoppas man l√§gger ner mer arbete p√• den. Lyckas tyv√§rr inte ens skapa en falsk trygghet, d√• jag inte litar p√• att appen kommer att fungera n√§r krisen kommer.",2,2018-11-04,
,julia finucane,"Mycket bra, smidig och informativ app men f√∂r tillf√§llet g√•r det inte att v√§lja vilka omr√•den man f√•r notiser om vilket g√∂r den mer irriterande √§n hj√§lpsam tyv√§rr :/",3,2019-09-15,
,Mattiasz,Vad sysslar den h√§r myndigheten med? V√•rda v√•ra skattepengar!,1,2020-04-12,
,Knaggen 6,"Bra app om den fungerar!
Ett stort fel √§r om man g√•r in p√• ‚ÄùF√∂rbered dig‚Äù och sedan ‚ÄùVid hj√§rtstopp‚Äù  l√§ser inunder 
OM N√ÖGON HAR DRABBATS AV HJ√ÑRTSTOPP:

Larma 112 och ber√§tta var du √§r
N√§r dom svarar √§r det f√∂rsta man ska s√§ga:
HJ√ÑRTSTOPP!!!!!  Man kanske inte har en aning om vart man √§r, d√• ligger ju personen och d√∂r om man ska ta reda p√• det. 
N√§r man s√§ger HJ√ÑRTSTOPP! S√• vet operat√∂ren exakt och direkt vad som ska g√∂ras. 
S√• har vi f√•tt l√§ra oss p√• hj√§rt och lungr√§ddningen.",1,2019-03-12,
,Odinsdaughter,"Jag f√•r ett vma meddelande men n√§r jag g√•r in p√• appen s√• hinner jag se texten n√•gon sekund innan appen crashar! Startar man den igen m√∂ts man av ‚Äùh√§r var det tomt‚Äù.
St√•r mycket bra och vettig info om hur man ska hantera olika situationer men det √§r ocks√• det enda som √§r bra med appen tyv√§rr. Det g√•r √∂ht inte att lita p√• appen alls.

M√§rkligt att ni inte l√§gger mer energi p√• att f√• den fungerande d√• m√•nga svenskar troligtvis kastade foldern ‚Äùom krisen kommer‚Äù samma vecka den kom i brevl√•dan! Appen skulle verkligen kunna vara anv√§ndbar i alla sorts situationer och n√• ut fortare till allm√§nheten √§n via tv och radio. F√∂r det var v√§l s√• den kom till???

Tillg√§nglighet tillit och trygghet b√∂r ni ha i bakhuvudet.",1,2019-01-19,
,Mackan70,Appen hade varit mycket b√§ttre om push-notiser hade fungerat.,2,2018-08-02,
,Daghain,Ger notifieringar om alla m√∂jliga olika omr√•den som man inte valt att f√• notifieringar f√∂r och inte befinner sig i n√§rheten av.,1,2018-10-11,
,iMan Sweden,Version 2.2.1 √§r definitivt inte anpassad f√∂r iPhone X. Ser inte klokt ut. Testar ni inte innan release????,1,2018-09-26,
,Perssonannasofia,"Nu n√§r notiserna verkar fungera igen √§r appen v√§rd h√∂gt betyg! Saknar dock dela-knapp, hade varit smidigt att kunna dela en l√§nk i st√§llet f√∂r att skicka en printscreen n√§r ett meddelande √§r relevant f√∂r n√•gon i bekantskapskretsen.",4,2018-08-23,
,A B N 01,"F√•r inga notiser. Syftet med appen g√•r helt f√∂rlorat d√• push-notiser inte fungerar. Har iphone X och har laddat ned den senaste versionen av appen, men notiserna fungerar dock inte.",1,2018-08-11,
,Spr√•kintresseradiphonare,"Notiserna fungerar inte! √Ñr det inte sj√§lva syftet med alltihopa? 
Totalt op√•litligt.",1,2018-08-05,
,Fr√∂tgr√∂taren4892,"Appen √§r bra f√∂r att den skickar notiser n√§r ett VMA utf√§rdats, men att navigera i sj√§lva appen √§r segt f√∂r att det fryser hela tiden och ibland till och med kraschar. Fixa detta (jag anv√§nder iPhone 6S).",2,2018-05-06,
,Greenliiight,Notiser har slutat fungera. Fel efter nya versionen. Samma problem p√• iPhone 7 Plus och iPhone x med senaste iOS 11.4.1,1,2018-07-29,
,√Ösajossan,F√•r inga notiser trots inst√§llning f√∂r det...F√∂rlorar d√• po√§ngen med denna app och g√∂r det n√§stan s√§mre att ha den d√• man kan tro att ‚Äùallt √§r lugnt‚Äù d√• man missar viktig info...,1,2018-07-21,
,Jerry Krusell,"Notiserna fungerar inte, d√• √§r ju appen helt ur funktion och fyller inte sitt syfte.",1,2018-07-19,
,jagtyp..,"Har iPhone 8, nu har den b√∂rjat h√§nga sig direkt n√§r man startar den, hoppl√∂st irriterande! Har funkat kanon tills jag bytte fr√•n en iPhone 6..,",1,2018-05-13,
,Sir OldVic,Andra g√•ngen man startar appen s√• l√•ser den sig helt. Har avinstallerat och installerat om. D√• fungerar det f√∂rsta g√•ngen men inte igen efter det. Fungerar bra p√• iPhonen (med iOS 11.3.1) men inte p√• iPaden. Uppdatering av appen efter plattforms uppdateringen  iOS 11.3.1 tack.,1,2018-05-07,
,Cathippie,"F√•r notiser men n√§r jag ska in i appen och titta s√• g√•r den inte att √∂ppna. 
Har h√§nt flera g√•nger nu. K√§nns inte alls tryggt d√• man inte hinner l√§sa notisen som svischar f√∂rbi.",1,2018-05-06,
,Fredrik_M,"Appen visar endast en vit sk√§rm med en frusen laddar-snurra, samma sak i b√•de min iPhone 6 och iPad Air, s√• eftersom det inte g√•r att l√§sa n√•got blir den fullst√§ndigt v√§rdel√∂s.",1,2018-05-04,
,Smubbi,"Vid samtliga tre av de tre senaste tillf√§llen jag f√•tt notis fr√•n denna app om att n√•got allvarligt har h√§nt har appens vy ""aktuellt"" √∂ppnats och en ""laddar""-symbol visats i en halv evighet. Vid inget tillf√§lle har jag f√•tt n√•gon information om n√•got v√§sentligt. Undantaget √§r m√∂jligen dagens notis som efter en rej√§l v√§ntetid tog mig till en text som tipsade mig om hur jag kan f√∂rbereda mig f√∂r vinterv√§glag. Information som ju, √•tminstone i teorin, kan vara v√§sentlig. Dock kanske inte p√• en niv√• som motiverar en notis om allvarlig h√§ndelse. Och definitivt inte i maj.

Prio ett f√∂r utvecklande (och utv√§rdering) av dylik app m√•ste rimligen vara drifts√§kerhet och snabb spridning av information. 

G√∂r om, g√∂r r√§tt.",1,2018-05-04,
,greggy_82,√ñppnas appen vid push-notis s√• h√§nger den sig direkt. Omstart hj√§lper en.,1,2018-05-04,
,Supppaflaaax,V√§nligen uppdatera era app s√• att den passar till iPhone X. Det √§r 2018 inte √•r 2000!!!,1,2018-05-04,
,dront242,"S√• l√§nge inget h√§nder funkar den bra, men kommer det notiser s√• verkar hela systemet packa ihop. Riktigt illa f√∂r en s√•pass viktig app.",1,2018-04-23,
,"Baloo, the bear",Appen funkar inte. √ñppnas som vanligt men uppdaterar inte fl√∂det. Helt tomt. Den fryser ocks√• s√• det inte g√•r att g√• till inst√§llningar.,1,2018-04-23,
,Elmaco gringo,"Appen b√∂r v√§l kontrolleras avseende funktion om MSB vill f√• ut information. 

Nu fungerar den inte alls.",1,2018-04-23,
,TompaEken,Kan bara inst√§mma med √∂vriga recensenter. Att skicka pushnotiser om delar av landet jag inte valt att bevaka k√§nns som r√§tt v√§g om man vil att anv√§ndaren ska st√§nga av appens notiser och d√§rmed g√∂ra den on√∂dig.,2,2017-08-23,
,Bobbiz,"Appen l√•ser sig, f√•r ett pushmeddelande n√§r det kommer, men n√§r jag ska g√• in p√• appen f√∂r mer info s√• l√•ser sig appen i startl√§ge. Kanske dags f√∂r uppdatering till nya IOS???",1,2018-04-23,
,UUPelle,"Omgjord ‚Äùf√∂r att g√∂ra den mer drifts√§ker‚Äù? J√∂sses, hur var den d√• tidigare... Nu fryser/kraschar den direkt efter √∂ppning. Mer √§n pinsamt- farligt! Folk kan ju t√§nkas lita p√• denna app!",1,2018-04-22,
,PetterSonic,"Kr√•nglar vid uppstart och tar inte h√§nsyn till sk√§rmstorlek.
F√∂r √∂vrigt en bra och viktig app!",3,2018-04-13,
,69 :-p,"V√§lkomstsk√§rmarna tar inte h√§nsyn till storlek p√• sk√§rm och dess uppl√∂sning, vilket g√∂r att det inte g√•r att l√§sa texten p√• iPhone 6. Hade blivit mindre d√•ligt om text och bakgrund INTE haft samma f√§rg!",1,2018-01-10,
,cjfarn,F√•r ocks√• notiser om h√§ndelser i andra delar av landet √§n de jag valt.,2,2017-07-16,
,Den Late,"Man p√•st√•r sig ha en filtreringsfunktion d√§r det ska g√• att filtrera p√• omr√•den i landet. Varken listan i appen eller notiserna filtreras dock, man f√•r alltid ""larm"" fr√•n hela landet - oavsett hur man f√∂rs√∂ker filtrera...",2,2017-05-06,
,Yobaman,Sn√§lla l√∂s problemet att den meddelar om h√§ndelser i alla l√§n trots att jag valt bara en.,3,2017-07-14,
,Oroande,"Det √§r direkt l√∂jev√§ckande att en myndighet som MSB inte snabbt kan l√∂sa ett s√•nt h√§r problem. Hela myndigheten ger ett vimsigt intryck i de TV-inslag man sett. En KRIS app som inte funkar, myndighets-Sverige i ett n√∂tskal.",1,2017-04-13,
,Davka003,"Appen i sig fungerar bra men varf√∂r f√•r jag notiser om en brand i √ñrebro n√§r jag st√§llt in att f√• notiser f√∂r Norrbotten och Nationella h√§ndelser. Uppryckning n√∂dv√§ndigt annars tr√∂ttnar man p√• massa ""vargen kommer..."" och appen tas bort.",4,2017-05-06,
,LindeJens,"Undrar varf√∂r jag f√•r notiser om andra delar av Sverige √§n de jag valt. T ex en brand i Falkenberg √§r v√§l ingen nationell h√§ndelse, s√• det skulle bero p√• det?",4,2017-04-23,
,Camilla_80,"S√• fort appen √∂ppnas s√• l√•ser den sig n√§r den laddar. Tr√•kigt att den inte funkar f√∂r det √§r en bra tanke annars. 
Hoppas p√• en uppdatering snart annars kan jag lika g√§rna ta bort den.",1,2017-04-13,
,Appmaster10,"4,5 timmar efter attacken i Stockholm kom en notifiering. Appen l√•ste sig dock och var blank. F√∂r l√•ngsamt och buggigt.",1,2017-04-12,
,BilloBob63,Oacceptabelt att en myndighet har en app med denna v√§rdel√∂sa kvalit√©. Att myndigheten ocks√• ansvarar f√∂r landets kris och beredskap... helt j√§kla obegripligt.,1,2017-04-10,
, Martin,"S√§mre app f√•r man leta efter. Den √§r helt v√§rdel√∂s i en krissituation - skrattretande hur en myndighet kan till√•tas g√∂ra n√•got s√• d√•ligt. Den kraschar, den har ett d√•ligt UI, den √§r helt blank d√§r information ska visas. G√∂r om g√∂r r√§tt.",1,2017-04-10,
,SeSvensson756,"Mycket otillf√∂rlitllig generellt och blev s√§mre med ios10.3. Efter 10.3.1 funkar den inte alls

G√∂r om o g√∂r r√§tt",1,2017-04-09,
,C G Schultz,Helt oacceptabelt att appen g√•r i l√•sl√§ge vid en krissituation n√§r allm√§nheten verkligen √§r i behov av faktabaserade information och v√§gledning. Det vore f√∂rmodligen b√§ttre om appen tas bort intill den verkligen fungerar.,1,2017-04-09,
,Bumpersticker,Fungerar inte vid en faktisk kris. Tro f√∂r guds skull INTE att du kan h√•lla dig uppdaterad om krish√§ndelser med denna app. Det √§rliga av MSB vore att ta bort appen och inte invagga folk i falsk s√§kerhet.,1,2017-04-08,
,Jniden,Ni m√•ste verkligen kolla att den klarar trycket fr√•n alla miljoner m√§nniskor som vill veta vad som h√§nder.,1,2017-04-08,
,sebastianhallenstam,N√§r det v√§l g√§ller fungerar den inte.,1,2017-04-08,
,Mcoo5,"H√§nger dig direkt!
Med tanke p√• vad som h√§nde i Stockholm b√∂r det vara en prioritet att se till att denna app fungerar fel fritt!",1,2017-04-08,
,Pav3l10n,S√§kert n√•n skattemiljon i bidrag till att utveckla denna app. Fungerar lika bra som Sveriges regering,1,2017-04-08,
,/Jerry,L√•ser sig p√• f√∂rsta splash screen vid uppstart. Helt oanv√§ndbar p√• en ipad air 2.,1,2017-04-08,
,S√∂ker info,S√§kert bra app om man kunde √∂ppna den. Vill inte av f√∂rklarliga sk√§l fylla i n√•n ‚≠êÔ∏è men m√•ste f√∂r att kunna skicka üò†,1,2017-04-07,
,Ale Lund,Samma problem h√§r: l√•ser sig direkt vid startsk√§rmen (iPhone 5).  Hj√§lper inte att starta om. Riktigt illa f√∂r en app som ska ge krisinformation...,1,2017-04-07,
,Ingapengaringetspel,"Katastrof, tomt p√• startsk√§rmen fungerar ej som den b√∂r i krissituation som nu...",1,2017-04-07,
,Thomas 197,"Appen l√•ser sig b√•de p√• iPhone och iPad 

Ni m√•ste g√∂ra n√•n uppdatering f√∂r denna krasch !!!!",1,2017-04-07,
,Andreas Nordang√•rd,H√§nger sig direkt i uppstarten och l√•ser dessutom telefonen under n√•gon halvminut. Iphone 6s ios 10.3,1,2017-04-07,
,Jossanog,"N√§r v√§l kris infaller d√• blir appen blank, verkade toppen fram tills nu. B√§ttre info fr√•n media.",1,2017-04-07,
,Peranders.Perra,Passande dag terror i Stockholm d√• fungerar inte appen,1,2017-04-07,
,Poperor,Uruselt att den inte fungerar vid attacken p√• Stockholm,1,2017-04-07,
,TrulyScandinavian,App stops working when started.,1,2017-04-07,
,The swede 63,Trist att appen l√•ser sig vid startinfosk√§rmen p√• iPhone 6s med iOS 10.3.1. Hj√§lper inte att avsluta appen.,1,2017-04-07,
,AndreasJ,"Vad har man f√∂r nytta av en trygghetsapp som inte ens vill starta upp? 
Fick avinstallera direkt...",1,2017-03-07,
,Sl√∂jan,Appen √∂ppnar inte,1,2017-03-06,
,JessicaGbg,"N√§r jag laddade ner appen funkade den bra men efter uppdatering √§r det som f√∂r m√•nga andra, den kraschar utan att ens starta, och l√§nken till appsupport √§r d√∂d...",1,2017-03-06,
,zleepy2,Innan uppdatering funkade appen klockrent. Nu √•ker den bort fr√•n IPhone 6s d√• den inte funkar alls.,1,2017-03-03,
,JustAnotherBeerGuy,God ide men tyv√§rr s√• kraschar den p√• min iPhone 5C konstant‚Ä¶,1,2017-02-25,
,MonoNoAware,Mycket bra att ni samlat flera viktiga k√§llor p√• en och samma plats!,5,2017-03-01,
,Kuji-Kiri,"Kraschar direkt vid uppstart i min iPhone :-(
och ingen verkar f√∂rs√∂ka g√∂ra n√•t √•t det :-((",1,2017-02-24,
,Dun now,"Varf√∂r anv√§nder ni knte platsinformationen som ginns i telefonen? Bra om man √•ker √∂ver l√§nsgr√§nser.
Inget st√∂d f√∂r notiser till Apple Watch.",2,2015-11-14,
,nilsohman,Krisartad app. Dessutom finns ingen supportsida n√§r man klickar p√• l√§nken i Appstore.,1,2017-02-20,
,Croupieren,Kraschar vid uppstart och g√•r inte √∂ppna,1,2017-02-19,
,JayTee_,"Kraschar direkt p√• min iPad Air, funkar inte alls.",1,2017-02-19,
,Glad betongare,Mycket bra uppdatering! Men vad har wallet support f√∂r funktion?,5,2017-02-14,
,Vemharstulitmittnickname?,√ñnskv√§rd app men upplevs skapad bara f√∂r att det skulle g√∂ras. Har MSB lagt pengar p√• externt utvecklande av denna app s√• b√∂r man kr√§va √•terbetalning. Notiser fortfarande (l√§s m√•nader) ur funktion..,2,2015-06-22,
,Rotitch,Uppdatera appen s√• att notiserna funkar!,2,2013-03-23,
,Carl MBE,F√∂r b√§ttre betyg: Optimera f√∂r iPhone 6.,1,2015-01-31,
,Kiwiman99,"Har varit bra, men √§r helt oanv√§ndbar med iOS 8. G√•r inte ens att v√§lja vilka l√§n man √§r intresserad av, vilket g√∂r att fl√∂det alltid √§r tomt.

Riktigt uselt att man inte kommit med en iOS 8-uppdatering √§nnu.",1,2014-11-16,
,mudroom,G√•r ej att √∂ppna,1,2014-11-13,
,Maad003,Kraschar hela tiden. Dags f√∂r en uppdatering?,1,2014-10-16,
,Festiz,"Ni som har problem med att appen kraschar: ta bort den fr√•n hemsk√§rmen och ladda hem den fr√•n app store igen s√• l√∂ser det nog problemet. Det fungerade f√∂r mig b√•de p√• iPhone 4S och iPad Retina 3G.
iPad-versionen √§r mycket bra utformad med bra √∂verblick √∂ver v√§rldsl√§get. iPhone-versionen √§r mycket kompakt och fokuserar p√• akuta h√§ndelser i n√§romr√•det.",4,2014-01-23,
,jagpalle,"Funkar inte med nya IOS, startar aldrig utan sl√•r av direkt. Synd :-(",1,2013-12-07,
,KSkoog,Efter uppdateringen g√•r det inte att h√•lla appen √∂ppen - st√§nger ner sig direkt.,1,2013-07-26,
,penorm,Snygg och v√§lfungerande app som fyller ett bra syfte.,5,2013-06-17,
,Redtag71,Notiser funkar inte!!!! Uselt!!,1,2012-12-09,
,Garbo001,P√• deras hemsida st√•r det att man bara blir varnad vid VMA larm. S√• var lugna. Notiserna fungerar.,5,2013-03-23,
,Lyrisk,Notiser fungerar inte. Folk vaggas in i falsk s√§kerhet. En stor besvikelse.,1,2012-09-23,
,Sfinx99,Vill ha notifieringar via SMS,4,2012-05-21,
,Bamsegrill,Bra info och bra l√§nksamling,5,2012-05-15,
,Dvalin1,Bra app men notiser fungerar inte,3,2012-04-13,
,Johanna 144,Toppenapp! Precis vad som beh√∂vs!,5,2012-04-15,
,Redmountain 08,Snyggt med kartfunktionen. Suver√§nt att √§ven f√• en samlad l√§nklista till driftsinfo f√∂r alla el- tele- flyg-bolag etc.,5,2012-04-13,
,Linasmammaeva,"Jag √§r s√• glad f√∂r den h√§r appen! H√§r √§r n√•gra id√©er: 

Kanske man kunde f√• st√§lla in e-postnotifieringar ocks√•? Och v√§rldsdelar? H√§rligt med l√§nkbiblioteket (som s√§kert kan √∂ka i omf√•ng med tiden). Kanske kunde vi √§ven f√• en f√∂rslagsknapp i appen? 

Och, sist men fr√§mst: en (eller flera) krisrapporteringsknapp (-ar)! Vi h√§r ute √§r ju potentiella tipsresurser.",5,2012-04-13,
,Goza10,Verkar ju fint detta. Men man borde kunna v√§lja alla l√§n p√• enklare s√§tt samt att notiser st√§nger av sig sj√§lv verkar det som!?,3,2012-04-12,
,StefanNilsson,...,1,2017-04-07,
,Lisen_1,Gillar att man kan v√§lja flera l√§n,5,2012-04-04,
